{"timestamp":{"0":1598969826298,"1":1598969826943,"2":1598969827525,"3":1598969828156},"Adapter":{"0":"ISA adapter","1":"ISA adapter","2":"ISA adapter","3":"ISA adapter"},"CPU Core Voltage [V]":{"0":1.2699999809,"1":1.2699999809,"2":1.2699999809,"3":1.2699999809},"CPU SOC Voltage [V]":{"0":1.0900000334,"1":1.0900000334,"2":1.0900000334,"3":1.0900000334},"DRAM AB Voltage [V]":{"0":1.3600000143,"1":1.3600000143,"2":1.3600000143,"3":1.3600000143},"DRAM CD Voltage [V]":{"0":1.3500000238,"1":1.3500000238,"2":1.3500000238,"3":1.3500000238},"1.8V PLL Voltage [V]":{"0":1.8300000429,"1":1.8300000429,"2":1.8300000429,"3":1.8300000429},"+12V Voltage [V]":{"0":12.029999733,"1":12.029999733,"2":12.029999733,"3":12.029999733},"+5V Voltage [V]":{"0":5.0100002289,"1":5.0100002289,"2":5.0100002289,"3":5.0100002289},"3VSB Voltage [V]":{"0":3.3299999237,"1":3.3299999237,"2":3.3299999237,"3":3.3299999237},"VBAT Voltage [V]":{"0":3.0699999332,"1":3.0699999332,"2":3.0699999332,"3":3.0699999332},"AVCC3 Voltage [V]":{"0":3.3299999237,"1":3.3299999237,"2":3.3299999237,"3":3.3299999237},"SB 1.05V Voltage [V]":{"0":1.0399999619,"1":1.0399999619,"2":1.0399999619,"3":1.0399999619},"CPU Fan [RPM]":{"0":1315.0,"1":1315.0,"2":1967.0,"3":1967.0},"Chassis Fan 1 [RPM]":{"0":1147.0,"1":1147.0,"2":1149.0,"3":1149.0},"Chassis Fan 2 [RPM]":{"0":619.0,"1":619.0,"2":620.0,"3":620.0},"HAMP Fan [RPM]":{"0":0.0,"1":0.0,"2":0.0,"3":0.0},"Water Pump 1 [RPM]":{"0":0.0,"1":0.0,"2":0.0,"3":0.0},"CPU OPT [RPM]":{"0":0.0,"1":0.0,"2":0.0,"3":0.0},"Water Flow [RPM]":{"0":0.0,"1":0.0,"2":0.0,"3":0.0},"Waterblock Flow [RPM]":{"0":0.0,"1":0.0,"2":0.0,"3":0.0},"EXT Fan 1 [RPM]":{"0":547.0,"1":547.0,"2":547.0,"3":543.0},"EXT Fan 2 [RPM]":{"0":552.0,"1":552.0,"2":552.0,"3":550.0},"EXT Fan 3 [RPM]":{"0":164.0,"1":164.0,"2":164.0,"3":164.0},"Cover Fan [RPM]":{"0":0.0,"1":0.0,"2":0.0,"3":0.0},"CPU Temperature [\u00b0C]":{"0":39.0,"1":39.0,"2":39.0,"3":39.0},"CPU Socket Temperature [\u00b0C]":{"0":40.0,"1":40.0,"2":39.0,"3":39.0},"Motherboard Temperature [\u00b0C]":{"0":29.0,"1":29.0,"2":29.0,"3":29.0},"Chipset Temperature [\u00b0C]":{"0":49.0,"1":49.0,"2":49.0,"3":49.0},"Tsensor 1 Temperature [\u00b0C]":{"0":36.0,"1":36.0,"2":36.0,"3":36.0},"CPU VRM Temperature [\u00b0C]":{"0":42.0,"1":42.0,"2":42.0,"3":42.0},"Water In [\u00b0C]":{"0":216.0,"1":216.0,"2":216.0,"3":216.0},"Water Out [\u00b0C]":{"0":216.0,"1":216.0,"2":216.0,"3":216.0},"Waterblock In [\u00b0C]":{"0":216.0,"1":216.0,"2":216.0,"3":216.0},"Waterblock Out [\u00b0C]":{"0":216.0,"1":216.0,"2":216.0,"3":216.0},"EXT Tsensor 1 [\u00b0C]":{"0":193.0,"1":193.0,"2":193.0,"3":193.0},"EXT Tsensor 2 [\u00b0C]":{"0":193.0,"1":193.0,"2":193.0,"3":193.0},"EXT Tsensor 3 [\u00b0C]":{"0":193.0,"1":193.0,"2":193.0,"3":193.0},"Tsensor 2 Temperature [\u00b0C]":{"0":38.0,"1":38.0,"2":38.0,"3":38.0},"DIMM.2 Tsensor 1 Temperature [\u00b0C]":{"0":216.0,"1":216.0,"2":216.0,"3":216.0},"DIMM.2 Tsensor 2 Temperature [\u00b0C]":{"0":216.0,"1":216.0,"2":216.0,"3":216.0},"CPU VRM Output Current [A]":{"0":19.0,"1":19.0,"2":19.0,"3":25.0}}