{"timestamp":{"0":1598969826298,"1":1598969826943,"2":1598969827525,"3":1598969828156,"4":1598969828849},"Adapter":{"0":"PCI adapter","1":"PCI adapter","2":"PCI adapter","3":"PCI adapter","4":"PCI adapter"},"Tdie [\u00b0C]":{"0":45.4000015259,"1":44.5999984741,"2":43.7999992371,"3":43.0,"4":41.9000015259},"Tdie (high) [\u00b0C]":{"0":70.0,"1":70.0,"2":70.0,"3":70.0,"4":70.0},"Tctl [\u00b0C]":{"0":72.4000015259,"1":71.5999984741,"2":70.8000030518,"3":70.0,"4":68.9000015259}}