{"timestamp":{"0":1598969826298,"1":1598969826943,"2":1598969827525,"3":1598969828156},"Adapter":{"0":"PCI adapter","1":"PCI adapter","2":"PCI adapter","3":"PCI adapter"},"Tdie [\u00b0C]":{"0":38.9000015259,"1":39.0999984741,"2":39.9000015259,"3":40.4000015259},"Tdie (high) [\u00b0C]":{"0":70.0,"1":70.0,"2":70.0,"3":70.0},"Tctl [\u00b0C]":{"0":65.9000015259,"1":66.0999984741,"2":66.9000015259,"3":67.4000015259}}